<?xml version="1.0" encoding="UTF-8"?>
<folder exportedWithPermissions="true">
    <parent>/public</parent>
    <name>Source_Switch</name>
    <label>Source Switch</label>
    <description></description>
    <creationDate>2017-10-26T12:25:51.075+01:00</creationDate>
    <updateDate>2015-06-24T16:12:44.322+01:00</updateDate>
    <resource>Freight_Costs_Pie_View</resource>
    <resource>Freight_Costs_Report</resource>
    <resource>Freight_Costs_View</resource>
    <resource>Freight_Dashboard</resource>
    <resource>Freight_Domain</resource>
    <resource>Switching_Source</resource>
</folder>
