<?xml version="1.0" encoding="UTF-8"?>
<folder exportedWithPermissions="false">
    <parent>/public</parent>
    <name>Source_Switch</name>
    <label>Source Switch</label>
    <description></description>
    <creationDate>2015-06-24T17:12:44.322+02:00</creationDate>
    <updateDate>2015-06-24T17:12:44.322+02:00</updateDate>
    <resource>Freight_Costs_Pie_View</resource>
    <resource>Freight_Costs_Report</resource>
    <resource>Freight_Costs_View</resource>
    <resource>Freight_Dashboard</resource>
    <resource>Freight_Domain</resource>
    <resource>Switching_Source</resource>
</folder>
