<?xml version="1.0" encoding="UTF-8"?>
<dashboardModelResource exportedWithPermissions="true">
    <folder>/public/Source_Switch</folder>
    <name>Freight_Dashboard</name>
    <version>0</version>
    <label>Freight Dashboard</label>
    <creationDate>2017-10-26T12:25:51.354+01:00</creationDate>
    <updateDate>2015-06-24T16:30:47.448+01:00</updateDate>
    <defaultFoundation>default</defaultFoundation>
    <foundation>
        <id>default</id>
        <layout>layout</layout>
        <wiring>wiring</wiring>
        <components>components</components>
    </foundation>
    <resourceDescriptor>
        <type>wiring</type>
        <id>wiring</id>
    </resourceDescriptor>
    <resourceDescriptor>
        <type>layout</type>
        <id>layout</id>
    </resourceDescriptor>
    <resourceDescriptor>
        <type>components</type>
        <id>components</id>
    </resourceDescriptor>
    <resourceDescriptor>
        <type>adhocDataView</type>
        <id>/public/Source_Switch/Freight_Costs_View</id>
    </resourceDescriptor>
    <resourceDescriptor>
        <type>adhocDataView</type>
        <id>/public/Source_Switch/Freight_Costs_Pie_View</id>
    </resourceDescriptor>
    <resource>
        <localResource
            xmlns:xsi="http://www.w3.org/2001/XMLSchema-instance"
            exportedWithPermissions="false" dataFile="wiring.data" xsi:type="fileResource">
            <folder>/public/Source_Switch/Freight_Dashboard_files</folder>
            <name>wiring</name>
            <version>0</version>
            <label>wiring</label>
            <creationDate>2017-10-26T12:25:51.354+01:00</creationDate>
            <updateDate>2015-06-24T16:30:47.448+01:00</updateDate>
            <fileType>json</fileType>
        </localResource>
    </resource>
    <resource>
        <localResource
            xmlns:xsi="http://www.w3.org/2001/XMLSchema-instance"
            exportedWithPermissions="false" dataFile="layout" xsi:type="contentResource">
            <folder>/public/Source_Switch/Freight_Dashboard_files</folder>
            <name>layout</name>
            <version>0</version>
            <label>layout</label>
            <creationDate>2017-10-26T12:25:51.354+01:00</creationDate>
            <updateDate>2015-06-24T16:30:47.448+01:00</updateDate>
            <fileType>html</fileType>
        </localResource>
    </resource>
    <resource>
        <localResource
            xmlns:xsi="http://www.w3.org/2001/XMLSchema-instance"
            exportedWithPermissions="false" dataFile="components.data" xsi:type="fileResource">
            <folder>/public/Source_Switch/Freight_Dashboard_files</folder>
            <name>components</name>
            <version>0</version>
            <label>components</label>
            <creationDate>2017-10-26T12:25:51.354+01:00</creationDate>
            <updateDate>2015-06-24T16:30:47.448+01:00</updateDate>
            <fileType>dashboardComponent</fileType>
        </localResource>
    </resource>
    <resource>
        <uri>/public/Source_Switch/Freight_Costs_View</uri>
    </resource>
    <resource>
        <uri>/public/Source_Switch/Freight_Costs_Pie_View</uri>
    </resource>
</dashboardModelResource>
