<?xml version="1.0" encoding="UTF-8"?>
<semanticLayerDataSource exportedWithPermissions="true">
    <folder>/public/Source_Switch</folder>
    <name>Freight_Domain</name>
    <version>0</version>
    <label>Freight Domain</label>
    <description>This domain uses a switching datasource for data segregation</description>
    <creationDate>2017-10-26T12:25:51.162+01:00</creationDate>
    <updateDate>2015-06-24T16:18:55.876+01:00</updateDate>
    <schema>
        <localResource
            xmlns:xsi="http://www.w3.org/2001/XMLSchema-instance"
            exportedWithPermissions="false" dataFile="schema.xml.data" xsi:type="fileResource">
            <folder>/public/Source_Switch/Freight_Domain_files</folder>
            <name>schema.xml</name>
            <version>0</version>
            <label>schema</label>
            <description>schema</description>
            <creationDate>2017-10-26T12:25:51.162+01:00</creationDate>
            <updateDate>2015-06-24T16:18:55.876+01:00</updateDate>
            <fileType>xml</fileType>
        </localResource>
    </schema>
    <dataSource>
        <alias>Switching_Source</alias>
        <dataSourceReference>
            <uri>/public/Source_Switch/Switching_Source</uri>
        </dataSourceReference>
    </dataSource>
</semanticLayerDataSource>
