<?xml version="1.0" encoding="UTF-8"?>
<adhocDataView exportedWithPermissions="false">
    <folder>/public/Source_Switch</folder>
    <name>Freight_Costs_Pie_View</name>
    <version>2</version>
    <label>Freight Costs Pie View</label>
    <description></description>
    <creationDate>2015-06-24T17:25:06.855+02:00</creationDate>
    <updateDate>2015-06-24T17:28:47.420+02:00</updateDate>
    <dataSource>
        <uri>/public/Source_Switch/Freight_Domain</uri>
    </dataSource>
    <resource>
        <localResource
            xmlns:xsi="http://www.w3.org/2001/XMLSchema-instance"
            exportedWithPermissions="false" dataFile="topicJRXML.data" xsi:type="fileResource">
            <folder>/public/Source_Switch/Freight_Costs_Pie_View_files</folder>
            <name>topicJRXML</name>
            <version>1</version>
            <label>topicJRXML</label>
            <creationDate>2015-06-24T17:28:47.420+02:00</creationDate>
            <updateDate>2015-06-24T17:28:47.420+02:00</updateDate>
            <fileType>jrxml</fileType>
        </localResource>
    </resource>
    <resource>
        <localResource
            xmlns:xsi="http://www.w3.org/2001/XMLSchema-instance"
            exportedWithPermissions="false" dataFile="stateXML.data" xsi:type="fileResource">
            <folder>/public/Source_Switch/Freight_Costs_Pie_View_files</folder>
            <name>stateXML</name>
            <version>1</version>
            <label>stateXML</label>
            <creationDate>2015-06-24T17:28:47.420+02:00</creationDate>
            <updateDate>2015-06-24T17:28:47.420+02:00</updateDate>
            <fileType>xml</fileType>
        </localResource>
    </resource>
    <reports>
        <localResource
            xmlns:xsi="http://www.w3.org/2001/XMLSchema-instance"
            exportedWithPermissions="false" xsi:type="reportUnit">
            <folder>/public/Source_Switch/Freight_Costs_Pie_View_files</folder>
            <name>dashboardReport</name>
            <version>1</version>
            <label>dashboardReport</label>
            <creationDate>2015-06-24T17:28:47.420+02:00</creationDate>
            <updateDate>2015-06-24T17:28:47.420+02:00</updateDate>
            <mainReport>
                <localResource exportedWithPermissions="false"
                    dataFile="mainReportJrxml.data" xsi:type="fileResource">
                    <folder>/public/Source_Switch/Freight_Costs_Pie_View_files/dashboardReport_files</folder>
                    <name>mainReportJrxml</name>
                    <version>0</version>
                    <label>mainReportJrxml</label>
                    <creationDate>2015-06-24T17:28:47.420+02:00</creationDate>
                    <updateDate>2015-06-24T17:28:47.420+02:00</updateDate>
                    <fileType>jrxml</fileType>
                </localResource>
            </mainReport>
            <resource>
                <localResource exportedWithPermissions="false"
                    dataFile="stateXML.data" xsi:type="fileResource">
                    <folder>/public/Source_Switch/Freight_Costs_Pie_View_files/dashboardReport_files</folder>
                    <name>stateXML</name>
                    <version>0</version>
                    <label>stateXML</label>
                    <creationDate>2015-06-24T17:28:47.420+02:00</creationDate>
                    <updateDate>2015-06-24T17:28:47.420+02:00</updateDate>
                    <fileType>xml</fileType>
                </localResource>
            </resource>
            <alwaysPromptControls>false</alwaysPromptControls>
            <controlsLayout>1</controlsLayout>
        </localResource>
    </reports>
    <alwaysPromptControls>false</alwaysPromptControls>
    <controlsLayout>1</controlsLayout>
</adhocDataView>
