<?xml version="1.0" encoding="UTF-8"?>
<reportUnit exportedWithPermissions="false">
    <folder>/public/Source_Switch</folder>
    <name>Freight_Costs_Report</name>
    <version>0</version>
    <label>Freight Costs Report</label>
    <description></description>
    <creationDate>2015-06-24T17:21:27.692+02:00</creationDate>
    <updateDate>2015-06-24T17:21:27.692+02:00</updateDate>
    <mainReport>
        <localResource
            xmlns:xsi="http://www.w3.org/2001/XMLSchema-instance"
            exportedWithPermissions="false"
            dataFile="mainReportJrxml.data" xsi:type="fileResource">
            <folder>/public/Source_Switch/Freight_Costs_Report_files</folder>
            <name>mainReportJrxml</name>
            <version>0</version>
            <label>mainReportJrxml</label>
            <creationDate>2015-06-24T17:21:27.692+02:00</creationDate>
            <updateDate>2015-06-24T17:21:27.692+02:00</updateDate>
            <fileType>jrxml</fileType>
        </localResource>
    </mainReport>
    <dataSource>
        <uri>/public/Source_Switch/Freight_Costs_View</uri>
    </dataSource>
    <resource>
        <localResource
            xmlns:xsi="http://www.w3.org/2001/XMLSchema-instance"
            exportedWithPermissions="false" dataFile="stateXML.data" xsi:type="fileResource">
            <folder>/public/Source_Switch/Freight_Costs_Report_files</folder>
            <name>stateXML</name>
            <version>0</version>
            <label>stateXML</label>
            <creationDate>2015-06-24T17:21:27.692+02:00</creationDate>
            <updateDate>2015-06-24T17:21:27.692+02:00</updateDate>
            <fileType>xml</fileType>
        </localResource>
    </resource>
    <alwaysPromptControls>false</alwaysPromptControls>
    <controlsLayout>1</controlsLayout>
</reportUnit>
