<?xml version="1.0" encoding="UTF-8"?>
<adhocDataView exportedWithPermissions="true">
    <folder>/public/Source_Switch</folder>
    <name>Freight_Costs_View</name>
    <version>0</version>
    <label>Freight Costs View</label>
    <description></description>
    <creationDate>2017-10-26T12:25:51.272+01:00</creationDate>
    <updateDate>2015-06-24T16:27:03.327+01:00</updateDate>
    <dataSource>
        <uri>/public/Source_Switch/Freight_Domain</uri>
    </dataSource>
    <inputControl>
        <localResource
            xmlns:xsi="http://www.w3.org/2001/XMLSchema-instance"
            exportedWithPermissions="false" xsi:type="inputControl">
            <folder>/public/Source_Switch/Freight_Costs_View_files</folder>
            <name>shipregion_1</name>
            <version>0</version>
            <label>shipregion</label>
            <creationDate>2017-10-26T12:25:51.272+01:00</creationDate>
            <updateDate>2015-06-24T16:27:03.327+01:00</updateDate>
            <type>7</type>
            <mandatory>false</mandatory>
            <readOnly>false</readOnly>
            <visible>true</visible>
            <query>
                <localResource exportedWithPermissions="false" xsi:type="query">
                    <folder>/public/Source_Switch/Freight_Costs_View_files/shipregion_1_files</folder>
                    <name>shipregion_1</name>
                    <version>0</version>
                    <label>shipregion</label>
                    <creationDate>2017-10-26T12:25:51.272+01:00</creationDate>
                    <updateDate>2015-06-24T16:27:03.327+01:00</updateDate>
                    <language>domain</language>
                    <queryString>&lt;?xml version="1.0" encoding="UTF-8"?&gt;
&lt;query xmlns="http://www.jaspersoft.com/2007/SL/XMLSchema"&gt;
  &lt;groupList&gt;
    &lt;group columnName="public_orders.shipregion" /&gt;
  &lt;/groupList&gt;
  &lt;queryFields&gt;
    &lt;queryField id="shipregion" /&gt;
    &lt;queryField id="public_orders.shipregion" /&gt;
  &lt;/queryFields&gt;
&lt;/query&gt;

</queryString>
                    <dataSource>
                        <uri>/public/Source_Switch/Freight_Domain</uri>
                    </dataSource>
                </localResource>
            </query>
            <queryVisibleColumn>public_orders.shipregion</queryVisibleColumn>
            <queryValueColumn>public_orders.shipregion</queryValueColumn>
        </localResource>
    </inputControl>
    <resource>
        <localResource
            xmlns:xsi="http://www.w3.org/2001/XMLSchema-instance"
            exportedWithPermissions="false" dataFile="topicJRXML.data" xsi:type="fileResource">
            <folder>/public/Source_Switch/Freight_Costs_View_files</folder>
            <name>topicJRXML</name>
            <version>0</version>
            <label>topicJRXML</label>
            <creationDate>2017-10-26T12:25:51.272+01:00</creationDate>
            <updateDate>2015-06-24T16:27:03.327+01:00</updateDate>
            <fileType>jrxml</fileType>
        </localResource>
    </resource>
    <resource>
        <localResource
            xmlns:xsi="http://www.w3.org/2001/XMLSchema-instance"
            exportedWithPermissions="false" dataFile="stateXML.data" xsi:type="fileResource">
            <folder>/public/Source_Switch/Freight_Costs_View_files</folder>
            <name>stateXML</name>
            <version>0</version>
            <label>stateXML</label>
            <creationDate>2017-10-26T12:25:51.272+01:00</creationDate>
            <updateDate>2015-06-24T16:27:03.327+01:00</updateDate>
            <fileType>xml</fileType>
        </localResource>
    </resource>
    <reports>
        <localResource
            xmlns:xsi="http://www.w3.org/2001/XMLSchema-instance"
            exportedWithPermissions="false" xsi:type="reportUnit">
            <folder>/public/Source_Switch/Freight_Costs_View_files</folder>
            <name>dashboardReport</name>
            <version>1</version>
            <label>dashboardReport</label>
            <creationDate>2017-10-26T12:25:51.272+01:00</creationDate>
            <updateDate>2015-06-24T16:27:03.327+01:00</updateDate>
            <mainReport>
                <localResource exportedWithPermissions="false"
                    dataFile="mainReportJrxml.data" xsi:type="fileResource">
                    <folder>/public/Source_Switch/Freight_Costs_View_files/dashboardReport_files</folder>
                    <name>mainReportJrxml</name>
                    <version>0</version>
                    <label>mainReportJrxml</label>
                    <creationDate>2017-10-26T12:25:51.272+01:00</creationDate>
                    <updateDate>2015-06-24T16:27:03.327+01:00</updateDate>
                    <fileType>jrxml</fileType>
                </localResource>
            </mainReport>
            <resource>
                <localResource exportedWithPermissions="false"
                    dataFile="stateXML.data" xsi:type="fileResource">
                    <folder>/public/Source_Switch/Freight_Costs_View_files/dashboardReport_files</folder>
                    <name>stateXML</name>
                    <version>0</version>
                    <label>stateXML</label>
                    <creationDate>2017-10-26T12:25:51.272+01:00</creationDate>
                    <updateDate>2015-06-24T16:27:03.327+01:00</updateDate>
                    <fileType>xml</fileType>
                </localResource>
            </resource>
            <alwaysPromptControls>false</alwaysPromptControls>
            <controlsLayout>1</controlsLayout>
        </localResource>
    </reports>
    <alwaysPromptControls>false</alwaysPromptControls>
    <controlsLayout>1</controlsLayout>
</adhocDataView>
