<?xml version="1.0" encoding="UTF-8"?>
<jdbcDataSource exportedWithPermissions="false">
    <folder>/public/Source_Switch</folder>
    <name>Switching_Source</name>
    <version>0</version>
    <label>Switching Source</label>
    <description>Uses tenant attribute Database to connect to the appropriate database.</description>
    <creationDate>2015-06-24T17:17:01.247+02:00</creationDate>
    <updateDate>2015-06-24T17:17:01.247+02:00</updateDate>
    <driver>org.postgresql.Driver</driver>
    <connectionUrl>jdbc:postgresql://localhost:5432/{attribute('Database', 'Tenant')}</connectionUrl>
    <connectionUser>jasperdb</connectionUser>
    <connectionPassword>ENC&lt;5138E073D85983D4BC86A2BEDBE0CA8D&gt;</connectionPassword>
    <timezone></timezone>
</jdbcDataSource>
