<?xml version="1.0" encoding="UTF-8"?>
<jdbcDataSource exportedWithPermissions="true">
    <folder>/public/Source_Switch</folder>
    <name>Switching_Source</name>
    <version>1</version>
    <label>Switching Source</label>
    <description>Uses tenant attribute Database to connect to the appropriate database.</description>
    <creationDate>2017-10-26T12:25:51.153+01:00</creationDate>
    <updateDate>2017-10-26T12:26:54.298+01:00</updateDate>
    <driver>org.postgresql.Driver</driver>
    <connectionUrl>jdbc:postgresql://localhost:5432/{attribute('database', 'Tenant')}</connectionUrl>
    <connectionUser>jasperdb</connectionUser>
    <connectionPassword>ENC&lt;5138E073D85983D4BC86A2BEDBE0CA8D&gt;</connectionPassword>
    <timezone></timezone>
</jdbcDataSource>
