<?xml version="1.0" encoding="UTF-8"?>
<organization>
    <id>Brazil</id>
    <alias>Brazil</alias>
    <parentId>organization_1</parentId>
    <tenantName>Brazil</tenantName>
    <tenantDesc> </tenantDesc>
    <tenantUri>/Brazil</tenantUri>
    <tenantFolderUri>/organizations/Brazil</tenantFolderUri>
    <attribute>
        <name>database</name>
        <permissions>
            <permissionMask>1</permissionMask>
            <recipient recipientType="role">ROLE_ADMINISTRATOR</recipient>
        </permissions>
        <value>brazil</value>
    </attribute>
    <theme>default</theme>
</organization>
