<?xml version="1.0" encoding="UTF-8"?>
<organization>
    <id>France</id>
    <alias>France</alias>
    <parentId>organization_1</parentId>
    <tenantName>France</tenantName>
    <tenantDesc></tenantDesc>
    <tenantUri>/France</tenantUri>
    <tenantFolderUri>/organizations/France</tenantFolderUri>
    <attribute>
        <name>database</name>
        <permissions>
            <permissionMask>1</permissionMask>
            <recipient recipientType="role">ROLE_ADMINISTRATOR</recipient>
        </permissions>
        <value>france</value>
    </attribute>
    <theme>default</theme>
</organization>
