<?xml version="1.0" encoding="UTF-8"?>
<organization>
    <id>Germany</id>
    <alias>Germany</alias>
    <parentId>organization_1</parentId>
    <tenantName>Germany</tenantName>
    <tenantDesc></tenantDesc>
    <tenantUri>/Germany</tenantUri>
    <tenantFolderUri>/organizations/Germany</tenantFolderUri>
    <attribute>
        <name>database</name>
        <permissions>
            <permissionMask>1</permissionMask>
            <recipient recipientType="role">ROLE_ADMINISTRATOR</recipient>
        </permissions>
        <value>germany</value>
    </attribute>
    <theme>default</theme>
</organization>
