<?xml version="1.0" encoding="UTF-8"?>
<organization>
    <id>organization_1</id>
    <alias>organization_1</alias>
    <parentId>organizations</parentId>
    <tenantName>Organization</tenantName>
    <tenantDesc> </tenantDesc>
    <tenantUri>/</tenantUri>
    <tenantFolderUri>/</tenantFolderUri>
    <attribute>
        <name>user</name>
        <permissions>
            <permissionMask>1</permissionMask>
            <recipient recipientType="role">ROLE_ADMINISTRATOR</recipient>
        </permissions>
        <value>jasperdb</value>
    </attribute>
    <attribute>
        <name>password</name>
        <permissions>
            <permissionMask>1</permissionMask>
            <recipient recipientType="role">ROLE_ADMINISTRATOR</recipient>
        </permissions>
        <value>password</value>
    </attribute>
    <theme>default</theme>
</organization>
