<?xml version="1.0" encoding="UTF-8"?>
<folder exportedWithPermissions="true">
    <parent>/</parent>
    <name>public</name>
    <label>Public</label>
    <description></description>
    <creationDate>2017-06-29T13:37:10.895+01:00</creationDate>
    <updateDate>2017-06-11T19:41:37.989+01:00</updateDate>
    <permission>
        <permissionMask>30</permissionMask>
        <recipient recipientType="role">ROLE_USER</recipient>
    </permission>
    <permission>
        <permissionMask>30</permissionMask>
        <recipient recipientType="role">ROLE_DEMO</recipient>
    </permission>
</folder>
