<?xml version="1.0" encoding="UTF-8"?>
<export><property name="pathProcessorId" value="zip"/><property name="rootTenantId" value="organization_1"/><property name="jsVersion" value="6.4.0 PRO"/><module id="tenants"><organization>organization_1</organization><organization>France</organization><organization>Brazil</organization><organization>Germany</organization></module><module id="authority"><user tenant="Brazil">brazilian_user</user><user tenant="France">french_user</user><user tenant="Germany">german_user</user><user tenant="Brazil">jasperadmin</user><user tenant="France">jasperadmin</user><user tenant="Germany">jasperadmin</user><user tenant="Brazil">joeuser</user><user tenant="France">joeuser</user><user tenant="Germany">joeuser</user></module></export>